"GEOID","city","zip","acreage","housing.cost","household.co2","pct.owner.occupied","hi.wage.workers.home","jobs.within.45.drive"
"360010001001","Albany city, NY","12204",496.83,1098,7.05,0.48,149,86326.4848
"360010001001","Albany city, NY","12207",496.83,1098,7.05,0.48,149,86326.4848
"360010001002","Albany city, NY","12204",88.18,976,6.69,0.32,76,91895.7771
"360010002001","Albany city, NY","12204",358.13,564,4.73,0.13,221,95501.9437
"360010002001","Albany city, NY","12207",358.13,564,4.73,0.13,221,95501.9437
"360010002001","Albany city, NY","12210",358.13,564,4.73,0.13,221,95501.9437
"360010002002","Albany city, NY","12210",51.06,912,5.36,0.5,56,96246.1083
"360010002002","Albany city, NY","12207",51.06,912,5.36,0.5,56,96246.1083
"360010002003","Albany city, NY","12210",53.61,986,5.73,0.31,92,97036.637
"360010002004","Albany city, NY","12210",47.52,585,2.62,0.18,42,97756.8102
"360010002004","Albany city, NY","12207",47.52,585,2.62,0.18,42,97756.8102
"360010003001","Albany city, NY","12205",646.5,1231,7.85,0.59,124,88942.1462
"360010003001","Albany city, NY","12206",646.5,1231,7.85,0.59,124,88942.1462
"360010003002","Albany city, NY","12206",83.25,1050,6.03,0.31,194,86468.2687
"360010003003","Albany city, NY","12211",528.28,1352,6.89,0.5,167,87232.6051
"360010003003","Albany city, NY","12205",528.28,1352,6.89,0.5,167,87232.6051
"360010003003","Albany city, NY","12204",528.28,1352,6.89,0.5,167,87232.6051
"360010003004","Albany city, NY","12205",170.07,934,4.55,0.11,233,93767.192
"360010003004","Albany city, NY","12206",170.07,934,4.55,0.11,233,93767.192
"360010004011","Albany city, NY","12205",2228.39,1531,7.13,0.63,500,77877.2131
"360010004011","Albany city, NY","12203",2228.39,1531,7.13,0.63,500,77877.2131
"360010004031","Albany city, NY","12206",135.41,1240,6.59,0.51,258,93230.5316
"360010004032","Albany city, NY","12203",93.86,1504,6.97,0.54,340,91741.524
"360010004033","Albany city, NY","12203",53.18,1273,7.38,0.4,221,93067.5858
"360010004034","Albany city, NY","12203",493.13,1429,5.89,0.54,208,89712.7366
"360010005011","Albany city, NY","12206",27.15,750,4.84,0.05,105,92573.9718
"360010005012","Albany city, NY","12206",55.43,1121,5.36,0.35,66,93823.0428
"360010005013","Albany city, NY","12206",16.64,1084,5.17,0.23,67,94061.51
"360010005014","Albany city, NY","12206",36.01,1165,5.78,0.33,159,95293.559
"360010005021","Albany city, NY","12203",104.2,793,3.97,0.27,172,93740.3973
"360010005022","Albany city, NY","12203",87.92,1195,6.57,0.38,225,92606.9956
"360010006001","Albany city, NY","12206",26.45,706,3.85,0.25,42,99352.8304
"360010006002","Albany city, NY","12206",29.73,817,6.24,0.05,38,98426.8455
"360010006003","Albany city, NY","12206",69.08,890,5.61,0.08,113,97055.6246
"360010006003","Albany city, NY","12203",69.08,890,5.61,0.08,113,97055.6246
"360010007001","Albany city, NY","12210",274.86,871,6.73,0.16,80,92064.8218
"360010007001","Albany city, NY","12206",274.86,871,6.73,0.16,80,92064.8218
"360010007002","Albany city, NY","12206",33.82,1424,4.83,0.44,81,95572.6602
"360010007003","Albany city, NY","12206",45.8,1047,6.4,0.66,76,98830.2182
"360010007003","Albany city, NY","12210",45.8,1047,6.4,0.66,76,98830.2182
"360010007004","Albany city, NY","12206",36.8,846,3.94,0.23,61,94711.5885
"360010008001","Albany city, NY","12210",21.49,901,4.33,0.08,59,101314.6471
"360010008002","Albany city, NY","12206",32.21,690,4.47,0.12,53,97574.6457
"360010008003","Albany city, NY","12206",31.4,814,4.56,0.18,33,98012.8502
"360010011001","Albany city, NY","12207",430.96,436,2.55,0.08,110,98655.2154
"360010011001","Albany city, NY","12210",430.96,436,2.55,0.08,110,98655.2154
"360010011001","Albany city, NY","12202",430.96,436,2.55,0.08,110,98655.2154
"360010014001","Albany city, NY","12210",44.67,871,5.17,0.1,437,103023.5615
"360010014002","Albany city, NY","12203",26.95,957,3.97,0.22,207,100433.8888
"360010014002","Albany city, NY","12210",26.95,957,3.97,0.22,207,100433.8888
"360010014003","Albany city, NY","12203",114.19,625,2.78,0,62,98451.2786
"360010014003","Albany city, NY","12210",114.19,625,2.78,0,62,98451.2786
"360010015001","Albany city, NY","12203",41.8,741,4.28,0.04,272,96372.2874
"360010015001","Albany city, NY","12208",41.8,741,4.28,0.04,272,96372.2874
"360010015002","Albany city, NY","12208",27.87,844,7.56,0.1,102,94122.8489
"360010015003","Albany city, NY","12208",32.03,1063,5.21,0.16,89,91520.818
"360010015004","Albany city, NY","12208",42.22,1227,7.92,0.31,58,87716.8731
"360010016001","Albany city, NY","12203",55.98,926,5.63,0.18,349,91753.5145
"360010016001","Albany city, NY","12208",55.98,926,5.63,0.18,349,91753.5145
"360010016002","Albany city, NY","12208",52.11,1415,6.63,0.49,121,88837.672
"360010016003","Albany city, NY","12208",55.58,1522,7.87,0.58,117,84434.7028
"360010016004","Albany city, NY","12208",62.49,1331,7.62,0.49,147,83312.8694
"360010017001","Albany city, NY","12203",93.08,1358,7.06,0.41,172,89253.8573
"360010017001","Albany city, NY","12208",93.08,1358,7.06,0.41,172,89253.8573
"360010017002","Albany city, NY","12208",69.08,1457,8.82,0.36,270,88365.0259
"360010017003","Albany city, NY","12208",109.41,1269,7.66,0.31,275,83184.2982
"360010017004","Albany city, NY","12208",66.28,1532,7.99,0.63,94,82628.1723
"360010018011","Albany city, NY","12203",76.17,1683,8.27,0.7,134,89841.1783
"360010018012","Albany city, NY","12203",209.52,1513,7.85,0.69,323,79000.5985
"360010018012","Albany city, NY","12208",209.52,1513,7.85,0.69,323,79000.5985
"360010018013","Albany city, NY","12208",172.75,1398,7.84,0.7,476,78214.964
"360010018013","Albany city, NY","12209",172.75,1398,7.84,0.7,476,78214.964
"360010018014","Albany city, NY","12208",152.96,1538,8.44,0.77,244,80610.6193
"360010018015","Albany city, NY","12208",1377.68,1581,8.16,0.67,465,65383.6438
"360010018015","Albany city, NY","12209",1377.68,1581,8.16,0.67,465,65383.6438
"360010018021","Albany city, NY","12203",96.11,1319,7.49,0.69,131,88433.7556
"360010018022","Albany city, NY","12203",244.78,1181,7.26,0.55,350,81539.1722
"360010018022","Albany city, NY","12208",244.78,1181,7.26,0.55,350,81539.1722
"360010018023","Albany city, NY","12203",59.05,1511,8.97,0.8,129,82823.9071
"360010018024","Albany city, NY","12203",71.03,1206,6.68,0.69,155,86514.8494
"360010019011","Albany city, NY","12208",66.5,1627,9.35,0.86,117,82588.1856
"360010019012","Albany city, NY","12208",56.91,1432,7.22,0.5,178,81957.4365
"360010019013","Albany city, NY","12208",91.82,1749,8.58,0.85,387,81229.7532
"360010019021","Albany city, NY","12209",59.88,1669,9.19,0.92,187,77711.2482
"360010019022","Albany city, NY","12209",74.43,1542,8.26,0.87,215,76693.0036
"360010019023","Albany city, NY","12209",155.48,1574,8.2,0.99,349,74424.9366
"360010020001","Albany city, NY","12209",88.97,1366,7.65,0.49,207,83585.2747
"360010020002","Albany city, NY","12209",31.52,1114,8.57,0.53,123,81738.6411
"360010020003","Albany city, NY","12209",34.03,1027,7.12,0.31,96,82150.0912
"360010020004","Albany city, NY","12209",46.9,1074,7.97,0.37,182,78872.9403
"360010020005","Albany city, NY","12209",512.97,1176,8.21,0.57,282,81097.5098
"360010021001","Albany city, NY","12208",29.56,865,5.59,0.03,99,98470.3481
"360010021002","Albany city, NY","12208",257.31,1107,6.04,0.42,102,84411.1721
"360010021002","Albany city, NY","12203",257.31,1107,6.04,0.42,102,84411.1721
"360010021002","Albany city, NY","12202",257.31,1107,6.04,0.42,102,84411.1721
"360010021002","Albany city, NY","12209",257.31,1107,6.04,0.42,102,84411.1721
"360010021003","Albany city, NY","12208",74.05,870,5.71,0.2,191,91917.6608
"360010022001","Albany city, NY","12210",33.1,927,4.35,0.3,213,98939.289
"360010022001","Albany city, NY","12202",33.1,927,4.35,0.3,213,98939.289
"360010022002","Albany city, NY","12210",28.28,855,5.14,0.3,139,94690.4233
"360010022002","Albany city, NY","12202",28.28,855,5.14,0.3,139,94690.4233
"360010023001","Albany city, NY","12202",35.91,739,3.94,0.26,90,91011.3413
"360010023002","Albany city, NY","12202",122.33,865,5.98,0.29,118,95260.6452
"360010025001","Albany city, NY","12202",67.38,356,3.54,0.03,84,90617.9212
"360010025002","Albany city, NY","12202",23.3,750,3.52,0.26,30,100040.7637
"360010025003","Albany city, NY","12202",46.24,749,5.48,0.04,34,95137.2484
"360010025004","Albany city, NY","12202",12.91,1719,7.24,0.39,13,87954.5396
"360010025005","Albany city, NY","12202",14.85,716,4.28,0.17,36,83342.647
"360010026001","Albany city, NY","12209",75.76,991,8.14,0.45,236,84539.3761
"360010026001","Albany city, NY","12202",75.76,991,8.14,0.45,236,84539.3761
"360010026002","Albany city, NY","12202",79.41,693,6.56,0.21,96,79757.3859
"360010026002","Albany city, NY","12209",79.41,693,6.56,0.21,96,79757.3859
"360010026003","Albany city, NY","12202",197.52,670,5.83,0.42,115,80376.7735
"360010026003","Albany city, NY","12209",197.52,670,5.83,0.42,115,80376.7735
"360010026004","Albany city, NY","12202",677.6,857,7.83,0.58,80,79825.6279
"360010127001","Cohoes city, NY","12047",139.07,1143,7.27,0.29,252,60854.4311
"360010127002","Cohoes city, NY","12047",93.07,1098,7.09,0.56,116,61115.6947
"360010127003","Cohoes city, NY","12047",142.25,1065,7.26,0.46,87,65566.765
"360010128001","Cohoes city, NY","12047",231.49,896,6.07,0.26,103,73512.1805
"360010128002","Cohoes city, NY","12047",76.31,975,8.65,0.57,107,66838.353
"360010128003","Cohoes city, NY","12047",47.09,946,6.59,0.22,116,67014.3497
"360010128004","Cohoes city, NY","12047",47.8,762,5.84,0.21,102,67663.8387
"360010129001","Cohoes city, NY","12047",217.87,1236,7.39,0.41,209,60645.8784
"360010129002","Cohoes city, NY","12047",90.27,330,3.93,0.02,119,65715.6283
"360010129003","Cohoes city, NY","12047",22.85,574,4.17,0.09,50,62732.1687
"360010129004","Cohoes city, NY","12047",39.55,793,6.85,0.19,73,62152.1588
"360010130001","Cohoes city, NY","12047",125.18,1522,10,0.91,206,60107.8519
"360010130002","Cohoes city, NY","12047",274.19,1410,10.34,0.86,361,59513.3004
"360010130003","Cohoes city, NY","12047",70.94,1366,7.3,0.42,276,66788.7256
"360010130004","Cohoes city, NY","12047",542.26,1229,8.12,0.47,274,65254.015
"360010130005","Cohoes city, NY","12047",254.86,1087,7.25,0.73,312,65503.6514
"360010131001","Green Island village, NY","12183",365.91,1086,8.08,0.18,134,72612.8006
"360010131002","Green Island village, NY","12183",39.71,962,7.08,0.38,231,71771.1753
"360010131003","Green Island village, NY","12183",72.54,1025,7.44,0.39,143,72559.6343
"360010132001","Watervliet city, NY","12189",42.73,916,6.17,0.3,51,77780.2971
"360010132002","Watervliet city, NY","12189",29.9,786,4.32,0.27,114,80023.8554
"360010132003","Watervliet city, NY","12189",45.22,1127,8.07,0.41,72,75665.1269
"360010132004","Watervliet city, NY","12189",49.31,1117,6.87,0.41,69,70651.2507
"360010132005","Watervliet city, NY","12189",43.71,876,4.72,0.25,117,72358.5116
"360010133001","Watervliet city, NY","12189",55.93,860,7.01,0.42,69,74538.5741
"360010133002","Watervliet city, NY","12189",49.23,1231,7.54,0.55,170,75831.0115
"360010133003","Watervliet city, NY","12189",176.13,1040,6.98,0.22,298,75803.8273
"360010133004","Watervliet city, NY","12189",63.46,1086,7.22,0.57,136,69526.888
"360010134001","Watervliet city, NY","12189",35.52,1121,7.59,0.8,88,68935.2405
"360010134002","Watervliet city, NY","12189",57.27,1023,7.27,0.63,208,67802.9955
"360010134003","Watervliet city, NY","12189",212.72,958,6.81,0.33,178,68243.4862
"360010135031","","12047",316.78,2092,10.99,0.87,244,73228.0526
"360010135031","","12110",316.78,2092,10.99,0.87,244,73228.0526
"360010135032","","12047",1694.38,1974,10.94,0.83,267,66600.0377
"360010135032","","12110",1694.38,1974,10.94,0.83,267,66600.0377
"360010135033","","12189",844.99,1130,9.13,0.36,570,63820.1651
"360010135051","","12110",145.52,1491,8.75,0.87,209,82936.3641
"360010135052","","12110",587.57,1618,9.35,0.96,448,70097.0836
"360010135061","","12189",1359.49,1726,9.36,0.73,715,66003.7177
"360010135061","","12110",1359.49,1726,9.36,0.73,715,66003.7177
"360010135062","","12110",351.55,1497,9.36,0.95,446,64984.9866
"360010135063","","12110",302.5,1274,7.44,0.32,408,77124.4411
"360010135071","","12110",459.54,1563,9.57,0.54,403,78783.2291
"360010135072","","12110",918.11,965,10.73,0.81,184,76433.1918
"360010135081","","12047",1207.04,1992,12.3,0.8,454,58777.5594
"360010135082","","12110",399.27,1734,9.72,0.96,596,74621.7826
"360010135083","","12110",2844.34,1776,10.36,0.65,607,69115.0527
"360010135083","","12047",2844.34,1776,10.36,0.65,607,69115.0527
"360010135083","","12309",2844.34,1776,10.36,0.65,607,69115.0527
"360010136011","","12189",352.76,1033,7.82,0.53,331,65793.7567
"360010136011","","12204",352.76,1033,7.82,0.53,331,65793.7567
"360010136012","","12211",575.67,1989,10.58,0.95,229,85497.1274
"360010136012","Menands village, NY","12204",575.67,1989,10.58,0.95,229,85497.1274
"360010136013","","12110",308.6,1632,11.56,0.97,238,77824.5548
"360010136014","","12189",1659.57,2284,9.42,0.91,624,71918.7488
"360010136014","","12211",1659.57,2284,9.42,0.91,624,71918.7488
"360010136014","","12110",1659.57,2284,9.42,0.91,624,71918.7488
"360010136015","","12189",493.02,1118,7.28,0.07,363,68154.9285
"360010136021","","12204",1001.03,1111,8.37,0.31,189,80210.4005
"360010136022","Menands village, NY","12204",760.62,2029,9.16,0.64,412,83129.217
"360010136023","Menands village, NY","12204",226.9,1126,7.38,0.16,366,81569.8767
"360010137031","","12110",3986.59,1949,9.57,0.89,581,74895.443
"360010137031","","12205",3986.59,1949,9.57,0.89,581,74895.443
"360010137031","","12309",3986.59,1949,9.57,0.89,581,74895.443
"360010137031","","12211",3986.59,1949,9.57,0.89,581,74895.443
"360010137051","","12211",281.43,1621,8.64,0.84,478,80848.0962
"360010137051","","12205",281.43,1621,8.64,0.84,478,80848.0962
"360010137052","","12205",825.2,1490,8.89,0.55,446,81154.4378
"360010137052","","12211",825.2,1490,8.89,0.55,446,81154.4378
"360010137053","","12205",655.29,1302,9.04,0.82,367,86074.3937
"360010137053","","12211",655.29,1302,9.04,0.82,367,86074.3937
"360010137054","","12205",352.38,1421,8.3,0.86,369,85901.5242
"360010137061","","12211",677.64,2146,10.62,0.94,585,86194.694
"360010137071","","12110",1102.74,1701,9,0.75,708,77779.1371
"360010137071","","12211",1102.74,1701,9,0.75,708,77779.1371
"360010137072","","12211",644.94,1732,9.73,0.98,608,79581.6872
"360010137073","","12211",263.26,1903,10.47,0.97,293,81755.979
"360010137073","","12110",263.26,1903,10.47,0.97,293,81755.979
"360010138011","","12205",273.53,1445,10.55,1,179,63984.6022
"360010138012","","12205",615.01,1515,9.3,0.76,467,69121.1214
"360010138013","","12205",286.31,1375,8.4,0.87,123,73046.6974
"360010138014","","12205",101.74,1270,7.99,0.56,106,72359.4323
"360010138015","","12304",626.39,1208,9.41,0.82,190,58913.5728
"360010138015","","12205",626.39,1208,9.41,0.82,190,58913.5728
"360010138016","","12304",589.45,1756,10.49,0.86,315,62299.0755
"360010138017","","12304",2682.71,1387,10.44,1,203,55621.0201
"360010138017","","12303",2682.71,1387,10.44,1,203,55621.0201
"360010138017","","12205",2682.71,1387,10.44,1,203,55621.0201
"360010138021","","12309",458.52,1898,11.81,0.98,542,64795.3099
"360010138021","","12205",458.52,1898,11.81,0.98,542,64795.3099
"360010138022","","12309",346.37,1866,10.85,1,217,65418.8547
"360010138023","","12309",543.25,1351,11.29,0.94,506,59650.6985
"360010138023","","12304",543.25,1351,11.29,0.94,506,59650.6985
"360010139011","Colonie village, NY","12205",298.45,1360,8.81,0.99,307,87197.0236
"360010139012","Colonie village, NY","12205",658.86,1418,9.94,0.85,324,81208.599
"360010139021","Colonie village, NY","12205",231.43,1556,9.35,0.78,503,78754.7685
"360010139022","Colonie village, NY","12205",154.81,1487,9.79,0.97,163,78762.1346
"360010139023","Colonie village, NY","12205",731.07,1459,8.54,0.7,583,84382.098
"360010140011","","12205",490.36,1289,7.04,0.37,573,84613.8802
"360010140012","","12205",275.44,1101,8.46,0.94,118,90261.1374
"360010140013","","12205",256.48,1288,8.79,0.79,118,95502.3471
"360010140021","","12205",79.28,1102,9.16,0.55,124,90651.0143
"360010140022","","12205",197.06,1379,8.82,0.76,472,80289.3037
"360010140023","","12205",193.67,1199,8.97,0.67,206,89606.3284
"360010140024","","12205",117.77,1178,8.07,0.62,138,89849.716
"360010141001","","12203",469.26,2001,10.24,0.91,423,74287.6673
"360010141001","","12159",469.26,2001,10.24,0.91,423,74287.6673
"360010141002","","12159",425.44,1640,7.04,0.39,379,67251.3837
"360010141003","","12054",1496.2,2511,10.23,0.97,409,52601.8281
"360010141003","","12159",1496.2,2511,10.23,0.97,409,52601.8281
"360010141004","","12159",1663.98,3268,10.77,1,196,65540.6116
"360010142011","","12054",310.72,1414,8.58,0.6,440,56041.7436
"360010142012","","12054",208.41,1603,9.71,0.97,387,56370.8219
"360010142013","","12077",1094.87,1605,9.96,0.67,480,57854.9414
"360010142013","","12054",1094.87,1605,9.96,0.67,480,57854.9414
"360010142014","","12077",1490.04,1476,11.22,0.62,253,67922.2597
"360010142014","","12054",1490.04,1476,11.22,0.62,253,67922.2597
"360010142021","","12054",256.92,1188,8.22,0.53,388,58450.3832
"360010142022","","12054",149.52,1715,9.51,0.94,349,58054.5111
"360010142023","","12054",731.2,2025,10.11,0.83,590,52353.094
"360010142023","","12159",731.2,2025,10.11,0.83,590,52353.094
"360010142024","","12054",784.98,1859,9.92,0.53,190,49790.5531
"360010142024","","12159",784.98,1859,9.92,0.53,190,49790.5531
"360010142031","","12054",284.46,2227,9.35,0.91,398,55260.6823
"360010142032","","12054",266.49,2400,11.09,0.95,492,54014.2198
"360010142033","","12054",126.85,2075,10.32,0.94,196,54245.7586
"360010142034","","12054",161.38,2016,7.54,0.68,211,56381.8593
"360010142035","","12054",1891.59,1772,9.72,0.65,408,57404.3621
"360010143011","","12158",2112.02,1352,12.47,0.79,205,38006.4997
"360010143012","","12077",5840.69,1741,10.53,0.69,403,40475.7926
"360010143012","","12158",5840.69,1741,10.53,0.69,403,40475.7926
"360010143021","","12077",1359.87,2204,12.13,0.88,611,42191.6375
"360010143021","","12158",1359.87,2204,12.13,0.88,611,42191.6375
"360010143021","","12054",1359.87,2204,12.13,0.88,611,42191.6375
"360010143022","","12158",1941.3,925,11.34,0.86,308,30666.2239
"360010143022","","12161",1941.3,925,11.34,0.86,308,30666.2239
"360010143022","","12143",1941.3,925,11.34,0.86,308,30666.2239
"360010143023","","12077",491.17,2150,10.15,0.96,477,50372.539
"360010143023","","12054",491.17,2150,10.15,0.96,477,50372.539
"360010143024","","12158",7821.81,1696,12.1,0.77,567,39446.9352
"360010143024","","12067",7821.81,1696,12.1,0.77,567,39446.9352
"360010144011","","12158",4113.69,1098,10.45,0.64,341,35060.7661
"360010144011","","12045",4113.69,1098,10.45,0.64,341,35060.7661
"360010144011","","12143",4113.69,1098,10.45,0.64,341,35060.7661
"360010144012","","12158",11912.14,1631,12.31,0.83,320,15903.503
"360010144012","","12143",11912.14,1631,12.31,0.83,320,15903.503
"360010144012","","12046",11912.14,1631,12.31,0.83,320,15903.503
"360010144013","","12158",15194.82,1679,12.43,0.95,156,17243.4924
"360010144013","","12046",15194.82,1679,12.43,0.95,156,17243.4924
"360010144013","","12067",15194.82,1679,12.43,0.95,156,17243.4924
"360010144013","","12007",15194.82,1679,12.43,0.95,156,17243.4924
"360010144013","","12143",15194.82,1679,12.43,0.95,156,17243.4924
"360010144013","","12087",15194.82,1679,12.43,0.95,156,17243.4924
"360010144021","Ravena village, NY","12143",422.86,1203,9.92,0.6,240,26089.4359
"360010144022","Ravena village, NY","12158",438.88,1214,10.55,0.68,392,24868.9503
"360010144022","Ravena village, NY","12143",438.88,1214,10.55,0.68,392,24868.9503
"360010145011","","12159",10586.71,1807,11.58,0.89,616,36409.8795
"360010145011","","12186",10586.71,1807,11.58,0.89,616,36409.8795
"360010145011","","12009",10586.71,1807,11.58,0.89,616,36409.8795
"360010145012","","12203",3060.29,2164,11.13,0.66,81,43978.0774
"360010145012","","12159",3060.29,2164,11.13,0.66,81,43978.0774
"360010145021","","12159",8775.78,2024,13.51,1,200,40019.7334
"360010145021","","12186",8775.78,2024,13.51,1,200,40019.7334
"360010145021","","12054",8775.78,2024,13.51,1,200,40019.7334
"360010145021","","12067",8775.78,2024,13.51,1,200,40019.7334
"360010145021","","12158",8775.78,2024,13.51,1,200,40019.7334
"360010145022","","12186",9993.16,1595,12.43,0.89,405,28698.9414
"360010145022","","12041",9993.16,1595,12.43,0.89,405,28698.9414
"360010145022","","12067",9993.16,1595,12.43,0.89,405,28698.9414
"360010145022","","12054",9993.16,1595,12.43,0.89,405,28698.9414
"360010145023","","12159",3014.32,1521,11.1,0.65,205,43072.6466
"360010145023","","12054",3014.32,1521,11.1,0.65,205,43072.6466
"360010145023","","12067",3014.32,1521,11.1,0.65,205,43072.6466
"360010145023","","12158",3014.32,1521,11.1,0.65,205,43072.6466
"360010145031","Voorheesville village, NY","12186",1056.43,1624,10.54,0.68,274,37490.5431
"360010145032","Voorheesville village, NY","12186",312.37,1594,10.42,0.94,369,39676.8089
"360010146061","","12303",323.04,2233,11.72,1,149,50478.152
"360010146061","","12009",323.04,2233,11.72,1,149,50478.152
"360010146062","","12303",236.92,1687,9.65,0.94,208,57104.284
"360010146062","","12306",236.92,1687,9.65,0.94,208,57104.284
"360010146063","","12303",3810.95,1798,11.41,0.92,648,47879.8389
"360010146063","","12306",3810.95,1798,11.41,0.92,648,47879.8389
"360010146063","","12009",3810.95,1798,11.41,0.92,648,47879.8389
"360010146071","","12084",1076.88,1605,11.14,1,183,53819.4566
"360010146072","","12303",811.52,1864,10.78,0.88,488,48562.018
"360010146072","","12009",811.52,1864,10.78,0.88,488,48562.018
"360010146073","","12303",717.19,1871,9.84,0.71,497,50604.4864
"360010146074","","12303",812.68,2241,10.49,0.98,735,46724.2317
"360010146075","","12303",2080.75,1900,10.74,0.82,282,64298.2462
"360010146075","","12205",2080.75,1900,10.74,0.82,282,64298.2462
"360010146075","","12084",2080.75,1900,10.74,0.82,282,64298.2462
"360010146081","","12222",550.49,1498,8.11,0.75,208,88777.2612
"360010146081","","12203",550.49,1498,8.11,0.75,208,88777.2612
"360010146082","Westmere CDP, NY","12203",441.28,1299,8.73,0.7,494,70996.079
"360010146091","Westmere CDP, NY","12203",292.43,1308,7.67,0.51,238,77944.706
"360010146092","","12203",452.35,1433,8.71,0.93,409,81399.2934
"360010146093","","12203",855.77,1267,8.29,0.41,640,72294.5496
"360010146093","","12159",855.77,1267,8.29,0.41,640,72294.5496
"360010146111","","12186",2322.73,2190,10.95,0.96,228,51026.5777
"360010146111","","12009",2322.73,2190,10.95,0.96,228,51026.5777
"360010146111","","12159",2322.73,2190,10.95,0.96,228,51026.5777
"360010146112","","12009",1583.23,1761,10.44,0.45,248,50720.6719
"360010146112","","12186",1583.23,1761,10.44,0.45,248,50720.6719
"360010146121","Altamont village, NY","12009",759.32,1497,10.22,0.7,388,29210.7749
"360010146131","","12009",7984.2,2320,11.71,0.86,235,28426.3268
"360010146132","","12009",5515.42,1656,12.12,0.91,192,38168.1458
"360010146132","","12085",5515.42,1656,12.12,0.91,192,38168.1458
"360010146132","","12186",5515.42,1656,12.12,0.91,192,38168.1458
"360010146133","","12009",3281.81,1158,10.45,0.56,242,40996.676
"360010146133","","12085",3281.81,1158,10.45,0.56,242,40996.676
"360010146141","","12159",613.44,2823,13.18,1,330,51774.7087
"360010146142","Westmere CDP, NY","12203",170.99,1487,8.58,0.82,200,71961.537
"360010146143","Westmere CDP, NY","12203",152.07,1254,7.16,0.14,338,66678.4908
"360010146143","Westmere CDP, NY","12084",152.07,1254,7.16,0.14,338,66678.4908
"360010146144","Westmere CDP, NY","12203",763.44,2329,10.42,0.85,409,61093.9128
"360010146144","Westmere CDP, NY","12159",763.44,2329,10.42,0.85,409,61093.9128
"360010146144","Westmere CDP, NY","12084",763.44,2329,10.42,0.85,409,61093.9128
"360010146151","","12084",1448.56,1373,8.5,0.18,485,60043.3693
"360010146151","","12009",1448.56,1373,8.5,0.18,485,60043.3693
"360010146151","","12159",1448.56,1373,8.5,0.18,485,60043.3693
"360010147001","","12009",11317.94,1726,12.39,0.85,245,17411.3783
"360010147001","","12053",11317.94,1726,12.39,0.85,245,17411.3783
"360010147001","","12023",11317.94,1726,12.39,0.85,245,17411.3783
"360010147001","","12157",11317.94,1726,12.39,0.85,245,17411.3783
"360010147002","","12009",15410.02,1450,12.67,0.94,331,17824.2326
"360010147002","","12059",15410.02,1450,12.67,0.94,331,17824.2326
"360010147002","","12186",15410.02,1450,12.67,0.94,331,17824.2326
"360010147002","","12023",15410.02,1450,12.67,0.94,331,17824.2326
"360010148011","","12186",23888.1,1400,12.25,0.91,497,17239.6601
"360010148011","","12059",23888.1,1400,12.25,0.91,497,17239.6601
"360010148011","","12009",23888.1,1400,12.25,0.91,497,17239.6601
"360010148011","","12023",23888.1,1400,12.25,0.91,497,17239.6601
"360010148011","","12193",23888.1,1400,12.25,0.91,497,17239.6601
"360010148012","","12023",17090.75,1802,12.12,0.95,115,8409.2233
"360010148012","","12122",17090.75,1802,12.12,0.95,115,8409.2233
"360010148012","","12147",17090.75,1802,12.12,0.95,115,8409.2233
"360010148021","","12023",8219.11,1364,10.73,0.84,96,8248.4733
"360010148021","","12147",8219.11,1364,10.73,0.84,96,8248.4733
"360010148021","","12122",8219.11,1364,10.73,0.84,96,8248.4733
"360010148022","","12147",15998.7,1680,12.27,0.93,106,7129.1048
"360010148022","","12120",15998.7,1680,12.27,0.93,106,7129.1048
"360010148022","","12122",15998.7,1680,12.27,0.93,106,7129.1048
"360010148022","","12469",15998.7,1680,12.27,0.93,106,7129.1048
"360010148023","","12120",15119.38,1151,11.11,0.81,123,5284.3786
"360010148023","","12469",15119.38,1151,11.11,0.81,123,5284.3786
"360010148023","","12083",15119.38,1151,11.11,0.81,123,5284.3786
"360010148031","","12193",21748.65,1479,12.08,0.96,470,15314.6741
"360010148031","","12023",21748.65,1479,12.08,0.96,470,15314.6741
"360010148031","","12147",21748.65,1479,12.08,0.96,470,15314.6741
"360010148032","","12083",15238.71,1412,12.16,0.84,262,13622.8318
"360010148032","","12193",15238.71,1412,12.16,0.84,262,13622.8318
"360010148032","","12087",15238.71,1412,12.16,0.84,262,13622.8318
"360830401001","Troy city, NY","12182",166.94,855,7.31,0.52,128,47189.0502
"360830401002","Troy city, NY","12182",106.85,1210,9.08,0.64,108,46402.3001
"360830401003","Troy city, NY","12182",38.29,1154,7,0.5,146,50847.3617
"360830401004","Troy city, NY","12182",56.65,1055,6.14,0.43,96,52352.2841
"360830401005","Troy city, NY","12182",38.33,1183,7.37,0.24,79,53280.3898
"360830402001","Troy city, NY","12182",47.83,1134,7.35,0.36,91,54763.5538
"360830402002","Troy city, NY","12182",42.34,873,5.9,0.33,76,55945.9801
"360830402003","Troy city, NY","12182",37.83,958,7.16,0.39,109,56549.3406
"360830402004","Troy city, NY","12182",62.05,1249,6.58,0.58,194,55429.8156
"360830402005","Troy city, NY","12182",33.61,1249,6.39,0.51,70,58267.608
"360830402006","Troy city, NY","12182",87.95,1086,7.86,0.77,58,55080.2993
"360830403001","Troy city, NY","12180",56.67,1175,7.32,0.37,195,58238.3543
"360830403002","Troy city, NY","12180",49.72,865,6.39,0.16,99,60811.5054
"360830403003","Troy city, NY","12180",137.76,1171,7.44,0.32,123,54876.4769
"360830403003","Troy city, NY","12182",137.76,1171,7.44,0.32,123,54876.4769
"360830404001","Troy city, NY","12180",77.77,864,5.92,0.27,89,65049.1792
"360830404002","Troy city, NY","12180",113.47,968,5.85,0.15,114,71665.1248
"360830405001","Troy city, NY","12180",108.07,824,7.02,0.2,74,64430.5451
"360830405002","Troy city, NY","12180",97.76,861,5.35,0.34,144,72496.6418
"360830406001","Troy city, NY","12180",50.6,1044,5.21,0.31,47,73140.9733
"360830406002","Troy city, NY","12180",40.6,982,6.14,0.21,23,72452.7838
"360830407001","Troy city, NY","12180",60.34,818,4.05,0.05,174,72246.1165
"360830407002","Troy city, NY","12180",88.8,631,4.36,0.05,68,71655.8163
"360830407003","Troy city, NY","12180",206.73,1044,6.77,0.35,152,64452.6968
"360830407004","Troy city, NY","12180",71.68,452,2.54,0.12,74,75455.6412
"360830408001","Troy city, NY","12180",32.78,1059,5.27,0.36,108,68200.6813
"360830408002","Troy city, NY","12180",48.41,1149,5.73,0.23,172,67153.0423
"360830409001","Troy city, NY","12180",61.11,812,5.99,0.24,70,66324.223
"360830409002","Troy city, NY","12180",107.48,982,7.11,0.38,120,58873.0211
"360830409003","Troy city, NY","12180",48.59,891,6.08,0.3,98,66049.3146
"360830409004","Troy city, NY","12180",27.17,775,5.2,0.4,79,66770.3189
"360830410001","Troy city, NY","12180",265.33,1032,7.93,0.4,103,69165.6238
"360830410002","Troy city, NY","12180",155.45,1072,6.09,0.49,215,68307.8714
"360830410003","Troy city, NY","12180",202.93,940,6.52,0.28,123,73703.511
"360830411001","Troy city, NY","12180",597.75,1311,8.87,0.47,366,55126.1324
"360830411002","Troy city, NY","12180",358.26,1056,7.12,0.41,430,56115.9328
"360830411003","Troy city, NY","12180",166.54,1370,7.89,0.74,204,52226.8941
"360830412001","Troy city, NY","12180",172.13,2015,9.53,0.79,183,51533.9785
"360830412002","Troy city, NY","12180",96.91,1126,7.92,0.56,182,49979.2729
"360830412003","Troy city, NY","12180",250.39,1259,8.39,0.52,163,56426.9784
"360830412004","Troy city, NY","12180",133.91,1820,7.5,0.56,208,55778.3053
"360830413001","Troy city, NY","12180",190.13,904,6.85,0.4,217,61580.3238
"360830413002","Troy city, NY","12180",192.74,1683,10.13,0.97,93,52369.1226
"360830413003","Troy city, NY","12180",189.06,1032,7.42,0.63,126,60172.2302
"360830413004","Troy city, NY","12180",83.79,1625,7.4,0.58,59,66054.5783
"360830413005","Troy city, NY","12180",81.69,1182,7.68,0.44,143,70030.6689
"360830414001","Troy city, NY","12182",447.26,1329,7.86,0.36,473,62253.1908
"360830414001","Troy city, NY","12180",447.26,1329,7.86,0.36,473,62253.1908
"360830414002","Troy city, NY","12182",745.83,1249,7.31,0.61,259,45919.8433
"360830515001","Rensselaer city, NY","12144",415.1,970,7.58,0.35,56,73809.3612
"360830515002","Rensselaer city, NY","12144",316.47,856,7.16,0.33,238,72083.6727
"360830515003","Rensselaer city, NY","12144",162.31,982,7.61,0.3,119,69112.518
"360830516001","Rensselaer city, NY","12144",359.24,948,7.28,0.48,553,72557.799
"360830516002","Rensselaer city, NY","12144",28.6,916,9.26,0.64,87,72875.5524
"360830516003","Rensselaer city, NY","12144",178.81,1042,7.09,0.61,193,77669.0965
"360830516004","Rensselaer city, NY","12144",568.62,1455,7.81,0.47,190,60749.1451
"360830517011","","12090",17695.06,1197,11.83,0.81,333,6768.4768
"360830517011","","12057",17695.06,1197,11.83,0.81,333,6768.4768
"360830517011","","12089",17695.06,1197,11.83,0.81,333,6768.4768
"360830517012","","12057",21622.53,1219,12.01,0.73,225,11340.4887
"360830517012","","12028",21622.53,1219,12.01,0.73,225,11340.4887
"360830517012","","12090",21622.53,1219,12.01,0.73,225,11340.4887
"360830517021","Hoosick Falls village, NY","12090",438.26,1056,9.28,0.54,242,9186.7549
"360830517022","Hoosick Falls village, NY","12090",584.46,1338,10.24,0.64,280,8795.1637
"360830518001","","12028",11363.88,1436,11.82,0.89,286,13682.4857
"360830518001","","12094",11363.88,1436,11.82,0.89,286,13682.4857
"360830518001","","12185",11363.88,1436,11.82,0.89,286,13682.4857
"360830518002","","12185",2676.34,1447,12.89,0.86,234,20221.0188
"360830518002","","12154",2676.34,1447,12.89,0.86,234,20221.0188
"360830518003","","12121",7540.2,1613,11.97,0.73,237,21937.3064
"360830518003","","12180",7540.2,1613,11.97,0.73,237,21937.3064
"360830518003","","12182",7540.2,1613,11.97,0.73,237,21937.3064
"360830518004","","12028",17861.39,1515,11.16,0.89,446,19748.4716
"360830518004","","12094",17861.39,1515,11.16,0.89,446,19748.4716
"360830518004","","12185",17861.39,1515,11.16,0.89,446,19748.4716
"360830518004","","12090",17861.39,1515,11.16,0.89,446,19748.4716
"360830518004","","12180",17861.39,1515,11.16,0.89,446,19748.4716
"360830519011","","12094",8715.3,1146,11.08,0.6,303,20144.7112
"360830519011","","12028",8715.3,1146,11.08,0.6,303,20144.7112
"360830519011","","12185",8715.3,1146,11.08,0.6,303,20144.7112
"360830519011","","12154",8715.3,1146,11.08,0.6,303,20144.7112
"360830519011","","12121",8715.3,1146,11.08,0.6,303,20144.7112
"360830519012","","12154",10825.48,1686,12.58,0.89,377,25795.8124
"360830519012","","12121",10825.48,1686,12.58,0.89,377,25795.8124
"360830519013","","12118",167.71,1763,9.62,0.94,84,33161.0973
"360830519014","","12154",6054.1,1740,12.84,0.87,133,24716.0818
"360830519014","","12118",6054.1,1740,12.84,0.87,133,24716.0818
"360830519014","","12121",6054.1,1740,12.84,0.87,133,24716.0818
"360830519014","","12182",6054.1,1740,12.84,0.87,133,24716.0818
"360830519021","","12182",714.59,1488,10.49,0.79,280,36038.5013
"360830519022","","12182",84.05,1163,10.76,0.88,182,42146.9427
"360830519023","","12121",5277.1,2096,13.04,0.96,436,29589.4772
"360830519023","","12182",5277.1,2096,13.04,0.96,436,29589.4772
"360830520021","","12180",12607.51,1785,12.43,0.92,437,25458.0671
"360830520021","","12052",12607.51,1785,12.43,0.92,437,25458.0671
"360830520031","","12182",1523.7,2009,11.97,0.94,304,41875.2595
"360830520031","","12180",1523.7,2009,11.97,0.94,304,41875.2595
"360830520032","","12180",122.65,1550,9.8,0.92,170,54952.1272
"360830520033","","12180",6223.34,1462,10.76,0.72,590,39259.2261
"360830520033","","12182",6223.34,1462,10.76,0.72,590,39259.2261
"360830520041","","12180",753.81,1467,9.03,0.56,301,40451.3863
"360830520042","","12180",2833.09,2333,11.85,0.88,392,32237.9032
"360830520042","","12198",2833.09,2333,11.85,0.88,392,32237.9032
"360830520043","","12180",3125.37,1916,10.81,0.87,302,36734.9812
"360830520044","","12180",551.4,1406,9.86,1,314,46771.2207
"360830520045","","12180",641.19,1246,9.43,0.83,271,47094.9508
"360830520045","","12198",641.19,1246,9.43,0.83,271,47094.9508
"360830521011","","12138",13238.09,1468,12.21,0.98,172,10783.9613
"360830521011","","12180",13238.09,1468,12.21,0.98,172,10783.9613
"360830521011","","12052",13238.09,1468,12.21,0.98,172,10783.9613
"360830521012","","12138",15383.1,1503,12.38,0.92,282,15756.9952
"360830521012","","12052",15383.1,1503,12.38,0.92,282,15756.9952
"360830521021","","12138",26626.93,1216,12.52,0.87,280,11506.5933
"360830521031","","12138",20663.75,1261,12.64,0.91,124,11046.5306
"360830521031","","12022",20663.75,1261,12.64,0.91,124,11046.5306
"360830521031","","12153",20663.75,1261,12.64,0.91,124,11046.5306
"360830521031","","12168",20663.75,1261,12.64,0.91,124,11046.5306
"360830521031","","12040",20663.75,1261,12.64,0.91,124,11046.5306
"360830521032","","12022",17482.39,993,11.8,0.67,116,10072.5127
"360830521032","","12138",17482.39,993,11.8,0.67,116,10072.5127
"360830521032","","12040",17482.39,993,11.8,0.67,116,10072.5127
"360830522011","","12140",7577.09,1686,11.97,0.78,743,37246.4997
"360830522011","","12198",7577.09,1686,11.97,0.78,743,37246.4997
"360830522011","","12018",7577.09,1686,11.97,0.78,743,37246.4997
"360830522011","","12196",7577.09,1686,11.97,0.78,743,37246.4997
"360830522012","","12138",13130.34,1809,13.23,0.94,286,21586.2417
"360830522012","","12018",13130.34,1809,13.23,0.94,286,21586.2417
"360830522012","Poestenkill CDP, NY","12140",13130.34,1809,13.23,0.94,286,21586.2417
"360830522012","Poestenkill CDP, NY","12180",13130.34,1809,13.23,0.94,286,21586.2417
"360830522031","","12153",10721.09,1890,12.52,0.96,349,26441.2085
"360830522031","","12018",10721.09,1890,12.52,0.96,349,26441.2085
"360830522032","Averill Park CDP, NY","12018",1320.82,1402,12.53,0.81,243,35515.3496
"360830522033","","12018",1388.28,973,11.26,0.91,153,30110.9403
"360830522034","West Sand Lake CDP, NY","12196",1055.05,1713,12.57,0.89,277,43348.3603
"360830522034","West Sand Lake CDP, NY","12198",1055.05,1713,12.57,0.89,277,43348.3603
"360830522034","West Sand Lake CDP, NY","12018",1055.05,1713,12.57,0.89,277,43348.3603
"360830522035","West Sand Lake CDP, NY","12018",1177.24,2125,11.25,1,133,37978.4635
"360830522035","West Sand Lake CDP, NY","12196",1177.24,2125,11.25,1,133,37978.4635
"360830522041","","12018",6768.96,1531,12.05,0.86,698,36555.6665
"360830522041","","12196",6768.96,1531,12.05,0.86,698,36555.6665
"360830522041","","12061",6768.96,1531,12.05,0.86,698,36555.6665
"360830523011","","12180",2351.24,1352,9.17,0.33,235,65655.1504
"360830523011","","12144",2351.24,1352,9.17,0.33,235,65655.1504
"360830523012","","12198",2772,1669,12.45,0.84,342,60064.523
"360830523012","","12144",2772,1669,12.45,0.84,342,60064.523
"360830523013","","12180",973.87,1649,9.78,0.9,351,62739.0462
"360830523013","","12144",973.87,1649,9.78,0.9,351,62739.0462
"360830523013","","12198",973.87,1649,9.78,0.9,351,62739.0462
"360830523031","","12198",1194.06,1373,11.91,0.8,325,43558.6528
"360830523041","Wynantskill CDP, NY","12198",151.1,1449,10.41,0.82,270,45508.9939
"360830523042","Wynantskill CDP, NY","12198",262.74,1219,9.04,0.9,198,45568.4173
"360830523043","","12198",1193.92,1794,11,0.91,260,40975.0602
"360830523044","Wynantskill CDP, NY","12198",2266.81,1861,11.33,0.97,488,49076.632
"360830523044","Wynantskill CDP, NY","12180",2266.81,1861,11.33,0.97,488,49076.632
"360830523045","","12180",240.3,1578,9.44,0.92,176,62741.722
"360830523046","","12180",463.15,1155,7.61,0.62,141,54227.9457
"360830524021","","12196",7198.78,2016,11.03,0.93,550,55687.4613
"360830524021","","12061",7198.78,2016,11.03,0.93,550,55687.4613
"360830524021","","12144",7198.78,2016,11.03,0.93,550,55687.4613
"360830524031","","12061",549.27,1351,8.08,0.55,394,63009.1021
"360830524032","Hampton Manor CDP, NY","12144",69.17,1599,9.48,0.81,178,58727.3059
"360830524033","","12144",482.65,1321,9.21,0.94,461,60818.759
"360830524034","","12144",2435.93,1650,9.19,0.74,627,60510.5013
"360830524034","","12061",2435.93,1650,9.19,0.74,627,60510.5013
"360830524041","East Greenbush CDP, NY","12061",644.42,1461,9.46,0.5,773,50003.1194
"360830524042","East Greenbush CDP, NY","12144",769.77,1760,10.38,0.9,344,47571.3552
"360830524042","East Greenbush CDP, NY","12061",769.77,1760,10.38,0.9,344,47571.3552
"360830524042","","12033",769.77,1760,10.38,0.9,344,47571.3552
"360830524043","","12144",2989.76,1857,11.75,0.94,382,52248.9053
"360830524044","","12144",232.96,1436,9.19,0.76,270,58189.2366
"360830525011","","12061",830.99,1725,10.47,0.85,269,50724.1394
"360830525011","","12033",830.99,1725,10.47,0.85,269,50724.1394
"360830525012","","12033",4842.59,1934,11.47,0.96,283,42316.4053
"360830525012","","12144",4842.59,1934,11.47,0.96,283,42316.4053
"360830525013","","12033",4463.26,1335,11.46,0.72,647,38891.6522
"360830525013","","12156",4463.26,1335,11.46,0.72,647,38891.6522
"360830525014","","12033",10417.94,1936,11.99,0.88,379,28597.31
"360830525014","","12156",10417.94,1936,11.99,0.88,379,28597.31
"360830525021","","12018",9610.65,1972,12.22,0.91,609,39589.4441
"360830525021","","12061",9610.65,1972,12.22,0.91,609,39589.4441
"360830525021","","12033",9610.65,1972,12.22,0.91,609,39589.4441
"360830525021","","12063",9610.65,1972,12.22,0.91,609,39589.4441
"360830525021","","12123",9610.65,1972,12.22,0.91,609,39589.4441
"360830525022","","12033",6434.87,1647,10.41,0.96,252,32597.5468
"360830525022","","12123",6434.87,1647,10.41,0.96,252,32597.5468
"360830525022","","12184",6434.87,1647,10.41,0.96,252,32597.5468
"360830525023","","12123",893.26,1200,11.6,1,176,29767.3867
"360830525024","","12061",1598.8,1205,9.16,0.59,70,57680.0106
"360830525024","","12033",1598.8,1205,9.16,0.59,70,57680.0106
"360830525031","Castleton-on-Hudson village, NY","12033",504.79,1425,10.65,0.77,315,31329.3277
"360830526011","","12169",11183.96,1737,12.53,0.95,337,23489.6799
"360830526011","","12018",11183.96,1737,12.53,0.95,337,23489.6799
"360830526011","","12123",11183.96,1737,12.53,0.95,337,23489.6799
"360830526011","","12062",11183.96,1737,12.53,0.95,337,23489.6799
"360830526012","","12018",16849.03,1363,11.72,0.8,376,23344.8646
"360830526012","East Nassau village, NY","12062",16849.03,1363,11.72,0.8,376,23344.8646
"360830526012","","12123",16849.03,1363,11.72,0.8,376,23344.8646
"360830526021","Nassau village, NY","12123",447.2,1153,9.81,0.59,216,32948.707
"360830526031","","12168",17538.09,1352,11.14,0.84,148,11772.4277
"360830526031","","12169",17538.09,1352,11.14,0.84,148,11772.4277
"360830526031","","12018",17538.09,1352,11.14,0.84,148,11772.4277
"360830526032","","12168",19505.22,1234,13.31,0.9,280,13162.7591
"360830526032","","12169",19505.22,1234,13.31,0.9,280,13162.7591
"360830526032","","12018",19505.22,1234,13.31,0.9,280,13162.7591
"360830526032","","12062",19505.22,1234,13.31,0.9,280,13162.7591
"360910601011","","12828",9851.53,1301,11.62,0.84,585,19135.5019
"360910601011","","12831",9851.53,1301,11.62,0.84,585,19135.5019
"360910601012","","12828",4463.74,1325,11.44,0.78,360,18294.5166
"360910601012","","12831",4463.74,1325,11.44,0.78,360,18294.5166
"360910601013","","12831",6602.03,1935,12.55,0.94,206,16301.3799
"360910601021","","12803",3304.53,1333,11.19,0.79,369,18197.5905
"360910601021","","12828",3304.53,1333,11.19,0.79,369,18197.5905
"360910601022","","12803",472.35,1044,11.29,0.77,172,20009.0248
"360910601022","","12828",472.35,1044,11.29,0.77,172,20009.0248
"360910601023","","12803",1275.3,1304,11.71,0.92,506,17689.1578
"360910601023","","12828",1275.3,1304,11.71,0.92,506,17689.1578
"360910602001","South Glens Falls village, NY","12803",674.9,996,8.79,0.49,391,22315.5764
"360910602002","South Glens Falls village, NY","12803",194.48,1035,8.86,0.51,222,21167.3741
"360910603001","","12822",23522.26,891,12.19,0.95,169,10930.7194
"360910603002","","12822",12123.68,1302,12.47,0.86,514,9184.2134
"360910603002","","12833",12123.68,1302,12.47,0.86,514,9184.2134
"360910603002","","12859",12123.68,1302,12.47,0.86,514,9184.2134
"360910604001","Corinth village, NY","12822",360.16,1043,10.51,0.69,175,12087.052
"360910604002","Corinth village, NY","12822",322.48,1074,9.76,0.57,224,11683.4804
"360910605011","","12835",25410.9,1238,11.3,0.81,335,5838.8506
"360910605011","","12822",25410.9,1238,11.3,0.81,335,5838.8506
"360910605011","","99999",25410.9,1238,11.3,0.81,335,5838.8506
"360910605021","","12134",23927.35,1254,11.1,0.95,146,4071.9217
"360910605021","","12835",23927.35,1254,11.1,0.95,146,4071.9217
"360910605021","","99999",23927.35,1254,11.1,0.95,146,4071.9217
"360910605022","","12835",20192.54,1559,10.87,0.94,44,2870.4116
"360910605022","","99999",20192.54,1559,10.87,0.94,44,2870.4116
"360910605022","","12822",20192.54,1559,10.87,0.94,44,2870.4116
"360910605022","","12134",20192.54,1559,10.87,0.94,44,2870.4116
"360910605023","","12835",35420.41,956,12.03,0.85,54,2271.8391
"360910605023","","99999",35420.41,956,12.03,0.85,54,2271.8391
"360910605031","","12850",28157.51,1652,12.56,0.92,385,11425.279
"360910605031","","12025",28157.51,1652,12.56,0.92,385,11425.279
"360910605031","","12074",28157.51,1652,12.56,0.92,385,11425.279
"360910605031","","12134",28157.51,1652,12.56,0.92,385,11425.279
"360910605031","","99999",28157.51,1652,12.56,0.92,385,11425.279
"360910606011","","12833",9420.46,1608,13.01,0.89,194,17422.6692
"360910606012","","12833",1206.76,1509,10.04,0.78,179,27119.2315
"360910606012","","12866",1206.76,1509,10.04,0.78,179,27119.2315
"360910606013","","12833",5167.19,2049,8.97,0.57,150,29227.5108
"360910606013","","12866",5167.19,2049,8.97,0.57,150,29227.5108
"360910606021","","12859",16551.65,1614,13.26,1,286,16603.0317
"360910606021","","12850",16551.65,1614,13.26,1,286,16603.0317
"360910606021","","12833",16551.65,1614,13.26,1,286,16603.0317
"360910606022","","12833",6284.41,1534,11.75,0.86,435,22121.2295
"360910606022","","12850",6284.41,1534,11.75,0.86,435,22121.2295
"360910606022","","12866",6284.41,1534,11.75,0.86,435,22121.2295
"360910606023","","12859",4498.11,1740,12.66,0.85,227,16530.5947
"360910606023","","12833",4498.11,1740,12.66,0.85,227,16530.5947
"360910607011","","12866",2427.84,1084,8.24,0.59,430,31802.318
"360910607012","","12831",7221.9,1693,11.08,0.8,515,22709.4981
"360910607013","","12831",8621.51,1413,12.65,0.85,420,27102.5
"360910607013","","12866",8621.51,1413,12.65,0.85,420,27102.5
"360910607021","","12831",1726.45,2125,11.74,0.91,647,24545.7053
"360910607021","","12866",1726.45,2125,11.74,0.91,647,24545.7053
"360910607022","","12831",2202.32,1343,10.49,0.62,791,24892.2452
"360910607022","","12833",2202.32,1343,10.49,0.62,791,24892.2452
"360910607022","","12866",2202.32,1343,10.49,0.62,791,24892.2452
"360910607023","","12866",733.69,1830,11.98,0.96,331,29243.091
"360910608001","","12831",11554.97,1312,12.43,0.76,604,21866.2212
"360910608001","","12871",11554.97,1312,12.43,0.76,604,21866.2212
"360910608002","","12871",9116.08,1782,13.77,0.92,450,18869.0561
"360910608002","","12831",9116.08,1782,13.77,0.92,450,18869.0561
"360910608002","","12866",9116.08,1782,13.77,0.92,450,18869.0561
"360910609011","","12871",11538.48,1818,11.95,0.88,380,13982.9486
"360910609011","","12884",11538.48,1818,11.95,0.88,380,13982.9486
"360910609011","","12170",11538.48,1818,11.95,0.88,380,13982.9486
"360910609012","","12871",4799.47,2197,13.35,0.96,138,21618.6609
"360910609012","","12866",4799.47,2197,13.35,0.96,138,21618.6609
"360910609013","","12871",8959.56,2170,12.01,0.8,262,20992.9173
"360910609013","","12866",8959.56,2170,12.01,0.8,262,20992.9173
"360910609013","","12170",8959.56,2170,12.01,0.8,262,20992.9173
"360910609021","Schuylerville village, NY","12871",311.81,1086,9.74,0.53,175,15723.794
"360910609022","Schuylerville village, NY","12871",350.3,1468,10.25,0.76,90,13708.6549
"360910609022","Victory village, NY","12884",350.3,1468,10.25,0.76,90,13708.6549
"360910610001","Saratoga Springs city, NY","12866",86.4,1810,6.07,0.27,117,37809.1743
"360910610002","Saratoga Springs city, NY","12866",71.45,1315,8.17,0.4,75,37198.899
"360910610003","Saratoga Springs city, NY","12866",36.99,834,6.25,0.09,53,38755.0505
"360910610004","Saratoga Springs city, NY","12866",46.43,1833,7.47,0.53,89,38031.3411
"360910610005","Saratoga Springs city, NY","12866",125.78,1340,7.47,0.36,270,37334.0117
"360910610006","Saratoga Springs city, NY","12866",70.19,246,3.2,0.08,126,38642.41
"360910611001","Saratoga Springs city, NY","12866",223.67,1343,9.45,0.64,186,36008.8041
"360910611002","Saratoga Springs city, NY","12866",444.65,1734,9.7,0.78,166,32365.5164
"360910611003","Saratoga Springs city, NY","12866",107.05,1849,7.69,0.53,139,36308.4208
"360910611004","Saratoga Springs city, NY","12866",537.73,2054,10.43,0.84,124,34855.1492
"360910611005","Saratoga Springs city, NY","12866",15.77,372,5.58,0,52,36231.2145
"360910611006","Saratoga Springs city, NY","12866",100.54,1780,7.56,0.65,216,36472.9674
"360910611007","Saratoga Springs city, NY","12866",954.33,974,8.25,0.42,219,35526.0062
"360910612001","Saratoga Springs city, NY","12866",535.92,1310,7.89,0.66,166,37515.5345
"360910612002","Saratoga Springs city, NY","12866",119.15,1109,7.43,0.64,141,36891.4888
"360910612003","Saratoga Springs city, NY","12866",166.53,1093,9.4,0.38,139,35360.4672
"360910612004","Saratoga Springs city, NY","12866",47.1,506,3.93,0.23,93,32782.581
"360910612005","Saratoga Springs city, NY","12866",112.92,1398,7,0.15,96,35937.9776
"360910612006","Saratoga Springs city, NY","12866",214.85,1409,9.45,0.82,411,35461.2325
"360910613011","Saratoga Springs city, NY","12866",4950.26,2588,11.88,0.94,543,25358.6664
"360910613012","Saratoga Springs city, NY","12866",3789.97,3135,11.25,0.88,177,31131.5797
"360910613012","Saratoga Springs city, NY","12020",3789.97,3135,11.25,0.88,177,31131.5797
"360910613021","Saratoga Springs city, NY","12866",1493.91,1309,8.62,0.42,562,30296.0615
"360910613021","Saratoga Springs city, NY","12833",1493.91,1309,8.62,0.42,562,30296.0615
"360910613022","Saratoga Springs city, NY","12866",1944.27,1800,10.55,0.78,322,28331.4262
"360910613023","Saratoga Springs city, NY","12866",755.13,1269,11.13,0.7,208,26165.2356
"360910613024","Saratoga Springs city, NY","12866",162.39,1643,10.68,0.95,165,27143.194
"360910613025","Saratoga Springs city, NY","12866",571.74,1676,11.4,0.94,253,28949.5078
"360910614011","","12866",9593.73,1254,11.58,0.87,478,23445.1805
"360910614011","","12850",9593.73,1254,11.58,0.87,478,23445.1805
"360910614011","","12863",9593.73,1254,11.58,0.87,478,23445.1805
"360910614011","","12020",9593.73,1254,11.58,0.87,478,23445.1805
"360910614012","","12020",5474.47,1357,11.57,0.82,329,27101.8206
"360910614031","","12020",1184.3,1888,10.98,0.79,238,29894.6161
"360910614032","North Ballston Spa CDP, NY","12020",1360.67,1289,10.26,0.55,169,30317.439
"360910614033","North Ballston Spa CDP, NY","12020",543.02,1353,10.68,0.93,290,33002.9529
"360910614034","Milton CDP, NY","12020",674.77,1560,10.54,0.9,543,29454.8941
"360910614041","","12866",3166.27,1640,11.56,0.88,721,26269.8717
"360910614041","","12020",3166.27,1640,11.56,0.88,721,26269.8717
"360910615001","","12074",13415.94,1462,11.66,0.89,437,8192.4926
"360910615001","","12025",13415.94,1462,11.66,0.89,437,8192.4926
"360910615001","","12086",13415.94,1462,11.66,0.89,437,8192.4926
"360910615001","","12010",13415.94,1462,11.66,0.89,437,8192.4926
"360910615001","","12850",13415.94,1462,11.66,0.89,437,8192.4926
"360910615002","","12850",14631.67,1799,12.62,0.87,331,19356.4252
"360910615002","","12074",14631.67,1799,12.62,0.87,331,19356.4252
"360910615002","","12020",14631.67,1799,12.62,0.87,331,19356.4252
"360910616001","","12019",2022.84,1843,12.01,0.89,194,29190.4885
"360910616001","","12302",2022.84,1843,12.01,0.89,194,29190.4885
"360910616002","","12019",919.41,1691,11.4,0.98,247,29258.3858
"360910616002","","12302",919.41,1691,11.4,0.98,247,29258.3858
"360910616003","","12020",5803.83,2012,13.32,0.95,236,27697.5312
"360910616003","","12019",5803.83,2012,13.32,0.95,236,27697.5312
"360910616003","","12010",5803.83,2012,13.32,0.95,236,27697.5312
"360910616003","","12302",5803.83,2012,13.32,0.95,236,27697.5312
"360910616003","","12027",5803.83,2012,13.32,0.95,236,27697.5312
"360910616004","","12020",12229.15,1746,12.69,0.97,287,23750.9335
"360910616004","","12019",12229.15,1746,12.69,0.97,287,23750.9335
"360910616004","","12074",12229.15,1746,12.69,0.97,287,23750.9335
"360910616004","","12010",12229.15,1746,12.69,0.97,287,23750.9335
"360910617011","","12020",8810.26,1531,11.05,0.7,743,37003.1302
"360910617012","","12020",3771.79,2008,12.25,0.9,214,40715.3422
"360910617012","","12019",3771.79,2008,12.25,0.9,214,40715.3422
"360910617021","","12019",4134.65,1723,11.69,0.75,362,33710.8021
"360910617021","","12020",4134.65,1723,11.69,0.75,362,33710.8021
"360910617021","","12027",4134.65,1723,11.69,0.75,362,33710.8021
"360910617022","","12027",772.52,1576,11.18,0.9,325,37259.2654
"360910617023","","12019",1187.47,1554,10.93,0.85,387,39613.9784
"360910617023","","12027",1187.47,1554,10.93,0.85,387,39613.9784
"360910617023","","12302",1187.47,1554,10.93,0.85,387,39613.9784
"360910618001","North Ballston Spa CDP, NY","12020",432.06,1491,9.47,0.66,539,32371.3165
"360910618002","Ballston Spa village, NY","12020",379.6,899,7.45,0.41,300,36296.5683
"360910618003","Ballston Spa village, NY","12020",284.41,1219,8.07,0.46,269,37167.0674
"360910619011","","12019",272.5,1131,9.01,0.17,475,39121.3277
"360910619012","","12019",315.45,1314,11.34,0.69,275,46157.1026
"360910619013","","12020",6302.29,1755,11.72,0.89,826,41495.4252
"360910619013","","12019",6302.29,1755,11.72,0.89,826,41495.4252
"360910619014","","12020",4068.62,1872,11.5,0.45,219,34976.0564
"360910619014","","12866",4068.62,1872,11.5,0.45,219,34976.0564
"360910619015","","12020",1346.36,1656,10.15,0.75,246,36480.9622
"360910619031","","12020",1344.41,1373,9.73,0.59,350,44105.7671
"360910619031","","12118",1344.41,1373,9.73,0.59,350,44105.7671
"360910619031","Round Lake village, NY","12151",1344.41,1373,9.73,0.59,350,44105.7671
"360910619032","","12020",2604.3,1418,11.69,0.86,397,35533.5725
"360910619032","","12118",2604.3,1418,11.69,0.86,397,35533.5725
"360910619033","","12020",1616.3,1440,11.34,0.83,623,37082.8487
"360910620001","","12170",2053.85,1579,11.88,0.78,633,28396.4208
"360910620001","","12118",2053.85,1579,11.88,0.78,633,28396.4208
"360910620002","","12170",6388.74,1834,10.91,0.98,392,25003.1115
"360910620002","","12866",6388.74,1834,10.91,0.98,392,25003.1115
"360910620002","","12118",6388.74,1834,10.91,0.98,392,25003.1115
"360910620003","","12118",7646.68,1600,12.5,0.76,195,25102.4852
"360910620003","","12866",7646.68,1600,12.5,0.76,195,25102.4852
"360910620004","","12170",9487.34,1504,13.28,1,261,18862.1265
"360910621001","Stillwater village, NY","12170",785.38,1354,11.14,0.71,290,22775.867
"360910620004","","12118",9487.34,1504,13.28,1,261,18862.1265
"360910622001","Mechanicville city, NY","12118",107.33,845,8.13,0.36,188,32184.8303
"360910622002","Mechanicville city, NY","12118",95.81,896,8.47,0.23,104,35092.3973
"360910622003","Mechanicville city, NY","12118",137.09,1022,8.65,0.35,227,36725.2271
"360910623001","Mechanicville city, NY","12118",70.11,1149,9.96,0.74,119,34855.4112
"360910623002","Mechanicville city, NY","12118",127.67,985,8.03,0.33,249,37171.0783
"360910624031","","12065",229.39,1346,8.55,0.76,254,51895.5301
"360910624031","","12188",229.39,1346,8.55,0.76,254,51895.5301
"360910624032","","12065",1275.54,1660,9.99,0.77,591,54294.0308
"360910624033","","12065",1240.23,1174,10.81,0.4,470,52538.2955
"360910624034","","12188",722.53,1647,11.96,0.91,349,53435.2484
"360910624034","","12065",722.53,1647,11.96,0.91,349,53435.2484
"360910624041","","12118",6850.82,1785,11.28,0.91,454,45261.9814
"360910624041","","12065",6850.82,1785,11.28,0.91,454,45261.9814
"360910624041","","12188",6850.82,1785,11.28,0.91,454,45261.9814
"360910624051","","12065",564.33,1469,9.81,0.49,465,52918.6737
"360910624052","","12065",1554.88,1688,9.06,0.48,381,50302.2005
"360910624053","","12065",248.63,1031,7.99,0,433,50071.5945
"360910624061","","12118",1243.74,1572,9.89,0.67,426,43101.9868
"360910624061","","12065",1243.74,1572,9.89,0.67,426,43101.9868
"360910624062","","12065",548.45,1728,11.43,0.56,123,50041.5821
"360910625011","","12151",2113.68,1838,12.35,0.96,647,42540.3665
"360910625011","","12065",2113.68,1838,12.35,0.96,647,42540.3665
"360910625011","Country Knolls CDP, NY","12019",2113.68,1838,12.35,0.96,647,42540.3665
"360910625012","","12065",993.7,1992,11.52,0.96,693,44825.2381
"360910625012","","12019",993.7,1992,11.52,0.96,693,44825.2381
"360910625031","","12065",504.28,1931,11.57,0.87,339,50500.2882
"360910625032","","12065",806.17,1453,10.25,0.53,740,53614.3318
"360910625033","","12065",509.56,2169,11.37,0.87,321,48239.1182
"360910625051","","12118",6372.63,1955,12.07,0.88,768,44137.8546
"360910625051","","12151",6372.63,1955,12.07,0.88,768,44137.8546
"360910625051","","12065",6372.63,1955,12.07,0.88,768,44137.8546
"360910625061","","12065",1091.48,1862,11.56,0.93,445,51346.1282
"360910625062","","12065",668.09,1504,10.84,0.98,343,38500.7408
"360910625063","","12065",487.57,1723,10.52,0.83,591,49384.1878
"360910625071","","12065",2124.78,1530,10.5,0.49,526,42362.4684
"360910625071","","12148",2124.78,1530,10.5,0.49,526,42362.4684
"360910625072","","12065",2047.42,1706,10.81,0.99,355,43004.9602
"360910625072","","12148",2047.42,1706,10.81,0.99,355,43004.9602
"360910625081","","12065",731.82,1565,11.75,0.97,628,47279.5344
"360910625082","","12065",714.37,976,7.69,0.02,160,53691.0169
"360910625083","","12065",780.2,2058,10.61,0.82,457,54794.378
"360910625091","","12065",945.54,2163,11.29,0.95,395,46028.5779
"360910625092","","12065",286.27,1205,6.96,0.28,8,55549.8245
"360910625094","","12065",660.13,1372,9.4,0.43,309,49705.3176
"360910626011","","12019",3722.41,2049,12.31,0.96,408,41345.6045
"360910626011","","12148",3722.41,2049,12.31,0.96,408,41345.6045
"360910626011","","12065",3722.41,2049,12.31,0.96,408,41345.6045
"360910626012","","12019",727.16,1919,12.71,1,261,45454.434
"360910626021","","12065",3322.45,2142,11.34,0.8,408,48723.9366
"360910626021","","12019",3322.45,2142,11.34,0.8,408,48723.9366
"360910626021","","12148",3322.45,2142,11.34,0.8,408,48723.9366
"360910626022","","12065",7295.91,2178,11.95,0.87,1237,45122.7199
"360910626022","","12148",7295.91,2178,11.95,0.87,1237,45122.7199
"360910627001","","12188",1523.14,1421,12.17,0.67,265,49438.6027
"360910627002","","12188",1320.32,1552,10.69,0.66,739,48596.2225
"360910627003","","12188",105.72,898,7.75,0.54,231,59014.9948
"360910627004","","12188",1072.5,1462,9.13,0.66,208,56809.38
"360910628001","Waterford village, NY","12188",181.02,1172,7.43,0.52,372,51945.5872
"360930201011","Schenectady city, NY","12309",137.47,1017,6.21,0.2,235,57206.7238
"360930201011","Schenectady city, NY","12308",137.47,1017,6.21,0.2,235,57206.7238
"360930201012","Schenectady city, NY","12308",155.81,1673,9.57,0.93,316,58859.6341
"360930201012","Schenectady city, NY","12309",155.81,1673,9.57,0.93,316,58859.6341
"360930201021","Schenectady city, NY","12308",51.25,1007,7.68,0.48,128,57562.4551
"360930201022","Schenectady city, NY","12308",160,620,6.71,0.36,212,52689.0056
"360930201022","Schenectady city, NY","12309",160,620,6.71,0.36,212,52689.0056
"360930202001","Schenectady city, NY","12308",249.69,996,8.85,0.56,95,55541.7342
"360930202001","Schenectady city, NY","12309",249.69,996,8.85,0.56,95,55541.7342
"360930202002","Schenectady city, NY","12305",194.92,1118,6.28,0.3,153,57438.1566
"360930202002","Schenectady city, NY","12308",194.92,1118,6.28,0.3,153,57438.1566
"360930203001","Schenectady city, NY","12305",92.02,792,6.97,0.23,76,59199.1374
"360930203002","Schenectady city, NY","12305",29.06,1328,6.68,0.34,127,59208.9566
"360930205001","Schenectady city, NY","12309",90.4,1828,9.04,0.94,273,60102.9037
"360930205002","Schenectady city, NY","12309",64.45,1199,7.99,0.76,175,60946.3164
"360930205003","Schenectady city, NY","12309",63.43,1434,7.89,0.7,141,60939.2054
"360930205004","Schenectady city, NY","12309",65.73,1665,8.54,0.96,172,61835.6128
"360930205004","Schenectady city, NY","12308",65.73,1665,8.54,0.96,172,61835.6128
"360930205005","Schenectady city, NY","12308",35.19,1406,7.69,0.64,115,62170.4488
"360930205006","Schenectady city, NY","12308",114.84,1215,8.68,0.67,167,58902.0036
"360930206001","Schenectady city, NY","12309",385.13,1480,9.56,0.76,289,61534.2177
"360930206001","Schenectady city, NY","12304",385.13,1480,9.56,0.76,289,61534.2177
"360930206002","Schenectady city, NY","12309",114.83,1242,7.95,0.64,297,62629.4794
"360930206002","Schenectady city, NY","12308",114.83,1242,7.95,0.64,297,62629.4794
"360930206002","Schenectady city, NY","12304",114.83,1242,7.95,0.64,297,62629.4794
"360930207001","Schenectady city, NY","12304",121.27,1124,6.72,0.48,364,62928.0307
"360930207001","Schenectady city, NY","12307",121.27,1124,6.72,0.48,364,62928.0307
"360930207002","Schenectady city, NY","12304",144.25,1118,8.06,0.84,50,65852.7146
"360930207003","Schenectady city, NY","12304",34.27,1107,7.49,0.59,67,62281.3818
"360930207004","Schenectady city, NY","12304",43.59,931,6.8,0.24,84,62685.6466
"360930208001","Schenectady city, NY","12308",43.11,878,5.08,0.02,99,59515.3295
"360930208002","Schenectady city, NY","12308",57.29,940,7.37,0.33,99,61226.872
"360930208003","Schenectady city, NY","12307",152.36,1041,7.44,0.43,67,61484.2927
"360930208004","Schenectady city, NY","12307",37.02,785,5.66,0.22,53,62332.8769
"360930209001","Schenectady city, NY","12307",48.72,888,5.6,0.26,76,62597.6497
"360930209002","Schenectady city, NY","12307",51.44,903,5.66,0.2,93,62863.2426
"360930209003","Schenectady city, NY","12307",39.82,1000,5.52,0.56,46,63521.82
"360930209004","Schenectady city, NY","12307",41.23,937,6.13,0.29,33,61850.1534
"360930210011","Schenectady city, NY","12305",108.27,632,4.56,0.08,90,60655.6889
"360930210021","Schenectady city, NY","12307",29.18,514,2.82,0.16,56,62249.1032
"360930210022","Schenectady city, NY","12307",43.4,1150,5.9,0.39,45,60391.6373
"360930210023","Schenectady city, NY","12305",50.58,347,4.29,0.23,40,60558.5462
"360930210023","Schenectady city, NY","12307",50.58,347,4.29,0.23,40,60558.5462
"360930212001","Schenectady city, NY","12306",113.16,958,8.46,0.36,150,53425.7503
"360930212002","Schenectady city, NY","12306",69.33,1114,8.1,0.58,175,50450.8798
"360930212003","Schenectady city, NY","12306",93.37,1197,8.09,0.72,122,48918.8756
"360930214001","Schenectady city, NY","12303",74.85,1040,8.33,0.56,78,59990.8191
"360930214002","Schenectady city, NY","12303",35.22,789,4.28,0.23,84,57054.4105
"360930214003","Schenectady city, NY","12303",41.46,1005,6.98,0.51,56,54986.1423
"360930214004","Schenectady city, NY","12303",58.75,863,7.88,0.35,62,60037.5014
"360930215001","Schenectady city, NY","12303",43.14,872,7.9,0.29,37,55796.2876
"360930215002","Schenectady city, NY","12303",115.47,1091,7.8,0.36,168,59618.5347
"360930215003","Schenectady city, NY","12303",51.97,1558,7.8,0.64,51,56674.1609
"360930216001","Schenectady city, NY","12303",43.12,1046,8.91,0.85,77,62262.9123
"360930216002","Schenectady city, NY","12303",62.53,1352,9.79,0.93,133,62853.6354
"360930216003","Schenectady city, NY","12304",111.26,1042,7.78,0.55,170,61112.358
"360930216003","Schenectady city, NY","12303",111.26,1042,7.78,0.55,170,61112.358
"360930216004","Schenectady city, NY","12303",95.04,1027,6.75,0.43,127,60433.6014
"360930217001","Schenectady city, NY","12304",79.92,907,8.32,0.27,63,64780.3981
"360930217002","Schenectady city, NY","12304",36.02,979,7.45,0.54,51,64796.9002
"360930217003","Schenectady city, NY","12304",158.16,766,7.14,0.3,190,63836.8377
"360930217004","Schenectady city, NY","12304",44.67,339,4.56,0.15,48,52856.3755
"360930218001","Schenectady city, NY","12304",357.38,1249,9.16,0.81,138,65744.9859
"360930218002","Schenectady city, NY","12304",85.88,1375,10.62,0.86,86,63529.1535
"360930218003","Schenectady city, NY","12304",68.25,1347,8.85,1,91,64677.8727
"360930218004","Schenectady city, NY","12304",87.73,1746,8.75,0.95,139,63612.4978
"360930218005","","12304",384.04,1434,9.45,0.95,366,59255.4223
"360930218006","Schenectady city, NY","12304",351.19,1054,6.9,0.32,407,61866.5308
"360930319001","","12309",803.69,2140,11.16,0.93,411,63567.7409
"360930319002","","12309",645.33,1684,9.94,0.79,733,60828.3732
"360930319002","","12304",645.33,1684,9.94,0.79,733,60828.3732
"360930319003","","12304",435.22,1563,11.33,0.87,232,62114.4679
"360930319004","","12309",660.39,1447,8.23,0.54,537,64028.0896
"360930319004","","12304",660.39,1447,8.23,0.54,537,64028.0896
"360930320001","","12309",1048.41,1353,8.74,0.47,572,55051.8983
"360930320002","Niskayuna CDP, NY","12309",117.95,1692,10.89,1,162,59087.8002
"360930320002","Niskayuna CDP, NY","12308",117.95,1692,10.89,1,162,59087.8002
"360930320003","Niskayuna CDP, NY","12309",89.11,2165,10.17,1,155,60324.7579
"360930320004","Niskayuna CDP, NY","12309",102.64,2091,9.44,1,251,61002.9289
"360930320005","Niskayuna CDP, NY","12309",85.41,1688,10.03,1,293,60684.8402
"360930320006","Niskayuna CDP, NY","12309",99.92,1601,10.25,0.83,257,63870.1763
"360930321011","","12309",1780.99,2138,12.1,0.95,184,58788.3911
"360930321012","","12309",261.18,2369,10.88,0.97,263,56835.7347
"360930321013","","12309",346.29,1601,9.7,0.79,205,61954.3809
"360930321014","","12309",367.6,1963,9.55,0.85,408,55763.2467
"360930321015","","12309",565.05,2475,11.02,0.99,549,57188.1865
"360930321021","","12309",761.89,2072,10.41,0.86,247,67789.1238
"360930321022","","12309",760.44,2431,10.45,0.96,239,57590.0872
"360930322001","Scotia village, NY","12302",144.37,1042,8.81,0.5,320,44860.4445
"360930322002","Scotia village, NY","12302",312.44,1628,10.22,0.85,452,40852.5248
"360930322003","Scotia village, NY","12302",53.06,1109,8.56,0.54,133,48602.252
"360930322004","Scotia village, NY","12302",338.02,1224,7.33,0.89,161,47618.6341
"360930323001","Scotia village, NY","12302",90.29,1200,8.72,0.67,233,48650.4158
"360930323002","Scotia village, NY","12302",65.03,1141,8.08,0.58,195,46219.8821
"360930323003","Scotia village, NY","12302",75.46,1459,9.79,0.87,175,43049.2483
"360930324021","East Glenville CDP, NY","12008",361.8,2022,10.19,0.96,244,46939.3865
"360930324021","East Glenville CDP, NY","12302",361.8,2022,10.19,0.96,244,46939.3865
"360930324022","East Glenville CDP, NY","12302",1847.7,1931,11.09,0.71,304,42868.4541
"360930324022","East Glenville CDP, NY","12008",1847.7,1931,11.09,0.71,304,42868.4541
"360930324023","East Glenville CDP, NY","12302",597.28,1003,7.65,0.23,136,47852.8881
"360930324031","","12302",1277.75,1356,11.24,0.86,234,40711.6591
"360930324032","","12302",407.12,1361,9.93,0.92,288,42723.3978
"360930324041","","12302",3342.51,1643,13.1,0.92,373,31757.5981
"360930324042","","12302",1204.12,1626,10.31,0.95,539,37886.6879
"360930324043","","12302",767.74,1304,8.05,0.56,699,39133.2251
"360930325021","East Glenville CDP, NY","12027",871.43,1349,9.81,0.8,437,34559.135
"360930325021","East Glenville CDP, NY","12302",871.43,1349,9.81,0.8,437,34559.135
"360930325022","East Glenville CDP, NY","12302",909.28,1803,10.55,0.99,484,39554.011
"360930325031","","12027",942.56,1708,11.63,1,403,35473.5971
"360930325031","","12019",942.56,1708,11.63,1,403,35473.5971
"360930325031","","12302",942.56,1708,11.63,1,403,35473.5971
"360930325032","","12019",1198.9,1327,10.02,0.72,361,34749.9167
"360930325032","","12302",1198.9,1327,10.02,0.72,361,34749.9167
"360930325033","","12302",400.41,1857,10.62,0.83,226,38709.0465
"360930325041","","12302",10281.23,1652,12.69,0.99,289,22387.8922
"360930325041","","12010",10281.23,1652,12.69,0.99,289,22387.8922
"360930325042","","12302",6027.85,1859,12.69,0.94,344,31452.2799
"360930326011","","12306",999.83,1968,12.84,0.96,205,39670.2269
"360930326012","","12306",472.98,1642,10.43,0.79,362,45028.5864
"360930326021","","12150",4153.48,1337,10.91,0.7,422,37331.6607
"360930326021","","12137",4153.48,1337,10.91,0.7,422,37331.6607
"360930326021","","12306",4153.48,1337,10.91,0.7,422,37331.6607
"360930326022","","12137",9422.19,2156,14.05,0.98,200,31877.2287
"360930326022","","12306",9422.19,2156,14.05,0.98,200,31877.2287
"360930326023","","12306",1263.48,1408,8.7,0.48,167,47239.7742
"360930327001","Rotterdam CDP, NY","12306",229.6,1522,9.74,0.89,150,46556.6079
"360930327002","Rotterdam CDP, NY","12306",76.89,1380,8.84,0.83,192,50508.6334
"360930327003","Rotterdam CDP, NY","12306",138.48,1113,9.59,0.78,274,51666.5807
"360930327004","Rotterdam CDP, NY","12306",121.37,1329,9.51,0.72,145,48088.7833
"360930329011","Rotterdam CDP, NY","12304",342.87,1460,9.94,0.9,212,68042.8236
"360930329011","Rotterdam CDP, NY","12303",342.87,1460,9.94,0.9,212,68042.8236
"360930329012","Rotterdam CDP, NY","12303",325.85,1471,11.4,0.94,285,62450.3213
"360930329013","Rotterdam CDP, NY","12303",328.59,1566,11.4,0.95,263,67069.7781
"360930329014","Rotterdam CDP, NY","12303",95.91,983,9.74,0.58,106,61120.9074
"360930329021","Rotterdam CDP, NY","12304",131.59,1225,8.59,0.81,167,58757.1708
"360930329021","Rotterdam CDP, NY","12303",131.59,1225,8.59,0.81,167,58757.1708
"360930329022","Rotterdam CDP, NY","12303",123.39,1280,9.97,0.91,145,58624.653
"360930329023","Rotterdam CDP, NY","12303",224.24,1234,8.72,0.82,318,57773.3488
"360930329024","Rotterdam CDP, NY","12303",113.75,1469,10.27,0.87,193,57238.1804
"360930329025","Rotterdam CDP, NY","12303",147.23,1384,8.92,0.82,130,55194.7865
"360930330021","","12306",1872.46,1737,12.83,0.93,682,43626.5103
"360930330031","Rotterdam CDP, NY","12306",526.17,1281,7.64,0.66,367,56834.5477
"360930330031","Rotterdam CDP, NY","12303",526.17,1281,7.64,0.66,367,56834.5477
"360930330032","Rotterdam CDP, NY","12306",367.63,1699,10.01,0.95,493,51061.9614
"360930330041","Rotterdam CDP, NY","12306",73.57,1399,9.85,0.93,118,48239.2679
"360930330042","Rotterdam CDP, NY","12306",115.6,1393,10.33,0.82,267,50344.1872
"360930330043","Rotterdam CDP, NY","12306",679.9,1493,9,0.81,102,38927.9088
"360930330044","Rotterdam CDP, NY","12306",111.26,1191,8.21,0.66,116,52091.4261
"360930331011","","12137",6472.67,1666,13.4,1,154,22394.9073
"360930331011","","12306",6472.67,1666,13.4,1,154,22394.9073
"360930331012","","12306",8839.65,1362,12.4,0.8,419,38530.7125
"360930331012","","12056",8839.65,1362,12.4,0.8,419,38530.7125
"360930331021","","12137",10820.56,1956,13.24,1,275,21582.5292
"360930331021","Mariaville Lake CDP, NY","12053",10820.56,1956,13.24,1,275,21582.5292
"360930331021","","12056",10820.56,1956,13.24,1,275,21582.5292
"360930331021","","12306",10820.56,1956,13.24,1,275,21582.5292
"360930331022","","12137",13052.99,1399,13.18,0.83,265,17280.767
"360930331022","","12053",13052.99,1399,13.18,0.83,265,17280.767
"360930331022","","12066",13052.99,1399,13.18,0.83,265,17280.767
"360930331023","","12053",11082.7,1570,12.43,0.83,291,18590.6776
"360930331023","","12066",11082.7,1570,12.43,0.83,291,18590.6776
"360930331023","","12157",11082.7,1570,12.43,0.83,291,18590.6776
"360930331024","","12056",4195.57,1656,13.06,0.87,215,28866.8533
"360930331024","","12053",4195.57,1656,13.06,0.87,215,28866.8533
"360930331025","","12056",6149.96,1827,13.22,1,336,31848.4416
"360930331025","","12053",6149.96,1827,13.22,1,336,31848.4416
"360930332001","Schenectady city, NY","12303",212.08,1158,9.12,0.65,190,52635.4963
"360930332001","Schenectady city, NY","12306",212.08,1158,9.12,0.65,190,52635.4963
"360930332002","Schenectady city, NY","12306",57.9,1078,10.54,0.56,134,52922.7486
"360930332003","Schenectady city, NY","12306",44.59,1017,7.15,0.39,113,53446.9565
"360930332004","Schenectady city, NY","12306",63.86,1206,8.19,0.76,169,51554.3191
"360930333001","Rotterdam CDP, NY","12303",265.34,1289,9.61,0.85,222,54654.1593
"360930333001","Rotterdam CDP, NY","12306",265.34,1289,9.61,0.85,222,54654.1593
"360930333002","Rotterdam CDP, NY","12306",112.62,1100,8.98,0.66,207,53132.1795
"360930334001","Schenectady city, NY","12308",125.48,2094,9.55,0.84,189,60220.748
"360930334002","Schenectady city, NY","12308",74.35,1163,6.86,0.5,214,60591.1844
"360930335001","Schenectady city, NY","12305",526.13,343,3.56,0,33,60076.9676
"360930335002","Schenectady city, NY","12305",106.58,961,5.3,0.33,317,56951.9588
"360957401001","","12066",5916.37,1194,11.57,0.87,114,14739.3491
"360957401001","","12035",5916.37,1194,11.57,0.87,114,14739.3491
"360957401001","","12160",5916.37,1194,11.57,0.87,114,14739.3491
"360957401001","","12092",5916.37,1194,11.57,0.87,114,14739.3491
"360957401001","","12157",5916.37,1194,11.57,0.87,114,14739.3491
"360957401002","","12157",1301.82,1561,10.23,0.62,65,13129.519
"360957401003","","12066",9089.95,1075,11.07,0.72,204,17208.5682
"360957401003","","12092",9089.95,1075,11.07,0.72,204,17208.5682
"360957401003","Central Bridge CDP, NY","12035",9089.95,1075,11.07,0.72,204,17208.5682
"360957401003","","12157",9089.95,1075,11.07,0.72,204,17208.5682
"360957401004","","12053",8699.7,1066,10.83,0.8,129,11085.5987
"360957401004","","12157",8699.7,1066,10.83,0.8,129,11085.5987
"360957401004","","12066",8699.7,1066,10.83,0.8,129,11085.5987
"360957401005","","12066",6670.1,1264,11.93,0.91,139,18451.15
"360957401005","","12160",6670.1,1264,11.93,0.91,139,18451.15
"360957401005","","12035",6670.1,1264,11.93,0.91,139,18451.15
"360957402001","","12043",11091.7,1535,12.02,0.84,139,12790.6186
"360957402001","","12092",11091.7,1535,12.02,0.84,139,12790.6186
"360957402001","","12157",11091.7,1535,12.02,0.84,139,12790.6186
"360957402001","","12187",11091.7,1535,12.02,0.84,139,12790.6186
"360957402002","","12092",6155.02,1208,9.61,0.89,86,11292.6941
"360957402002","","12043",6155.02,1208,9.61,0.89,86,11292.6941
"360957402003","","12043",1378.66,1371,10.13,0.86,104,6695.5957
"360957402004","","12043",461.38,1134,8.31,0.4,266,10973.5187
"360957402005","Cobleskill village, NY","12043",359.93,1172,7.56,0.38,126,10755.9081
"360957404001","","12066",14200.49,1233,11.59,0.87,91,6601.9313
"360957404001","","12160",14200.49,1233,11.59,0.87,91,6601.9313
"360957404001","","12166",14200.49,1233,11.59,0.87,91,6601.9313
"360957404001","","12031",14200.49,1233,11.59,0.87,91,6601.9313
"360957404001","","13459",14200.49,1233,11.59,0.87,91,6601.9313
"360957404001","","12043",14200.49,1233,11.59,0.87,91,6601.9313
"360957404002","","12160",12825.13,1187,12.33,0.74,173,9032.7504
"360957404002","","12043",12825.13,1187,12.33,0.74,173,9032.7504
"360957404002","","12035",12825.13,1187,12.33,0.74,173,9032.7504
"360957404002","","12092",12825.13,1187,12.33,0.74,173,9032.7504
"360957404002","","13459",12825.13,1187,12.33,0.74,173,9032.7504
"360957404003","","13459",20687,1187,11.82,0.89,198,4621.2871
"360957404003","","12043",20687,1187,11.82,0.89,198,4621.2871
"360957404003","","12149",20687,1187,11.82,0.89,198,4621.2871
"360957404004","","12043",13338.24,1225,12.26,0.91,136,5830.2031
"360957404004","","12149",13338.24,1225,12.26,0.91,136,5830.2031
"360957404005","","13459",9065.36,927,11.03,0.54,111,4529.5885
"360957405001","","12149",23734.32,1190,11.51,0.92,125,3241.4074
"360957405001","","12175",23734.32,1190,11.51,0.92,125,3241.4074
"360957405001","","12064",23734.32,1190,11.51,0.92,125,3241.4074
"360957405001","","12036",23734.32,1190,11.51,0.92,125,3241.4074
"360957405001","","12093",23734.32,1190,11.51,0.92,125,3241.4074
"360957405002","","12043",10129.04,1317,11.67,0.85,130,6908.5086
"360957405002","","12187",10129.04,1317,11.67,0.85,130,6908.5086
"360957405002","","12149",10129.04,1317,11.67,0.85,130,6908.5086
"360957405003","","12043",8657.04,1191,10.42,0.73,78,4238.7488
"360957405003","","12149",8657.04,1191,10.42,0.73,78,4238.7488
"360957405004","Richmondville village, NY","12149",516.21,970,9.82,0.52,59,7286.074
"360957406001","","12187",30228.71,1185,11.21,0.85,114,2580.5572
"360957406001","","12149",30228.71,1185,11.21,0.85,114,2580.5572
"360957406001","","12071",30228.71,1185,11.21,0.85,114,2580.5572
"360957406001","","12122",30228.71,1185,11.21,0.85,114,2580.5572
"360957406002","","12194",33070.07,1134,10.36,0.88,98,713.4047
"360957406002","","12175",33070.07,1134,10.36,0.88,98,713.4047
"360957406002","","12149",33070.07,1134,10.36,0.88,98,713.4047
"360957406002","","12071",33070.07,1134,10.36,0.88,98,713.4047
"360957406002","","12093",33070.07,1134,10.36,0.88,98,713.4047
"360957406002","","12131",33070.07,1134,10.36,0.88,98,713.4047
"360957406002","","12076",33070.07,1134,10.36,0.88,98,713.4047
"360957406002","","12167",33070.07,1134,10.36,0.88,98,713.4047
"360957406003","","12093",12514.13,1316,11.81,0.81,79,1778.3028
"360957406003","","12175",12514.13,1316,11.81,0.81,79,1778.3028
"360957406003","","12167",12514.13,1316,11.81,0.81,79,1778.3028
"360957406004","","12093",15166.22,1125,11.59,0.82,94,2376.2384
"360957407001","","12053",11071.53,1608,12.38,0.93,124,14446.169
"360957407001","","12157",11071.53,1608,12.38,0.93,124,14446.169
"360957407001","","12023",11071.53,1608,12.38,0.93,124,14446.169
"360957407002","","12157",14246.49,1136,12.35,0.91,90,9348.9125
"360957407002","","12023",14246.49,1136,12.35,0.91,90,9348.9125
"360957407002","","12122",14246.49,1136,12.35,0.91,90,9348.9125
"360957407003","","12157",10637.66,1587,12,0.88,140,9673.6508
"360957407003","","12122",10637.66,1587,12,0.88,140,9673.6508
"360957407003","","12187",10637.66,1587,12,0.88,140,9673.6508
"360957407004","","12122",9000.02,1260,11.43,0.8,110,5979.1928
"360957407005","","12122",4802.19,1137,10.42,0.54,172,6810.7218
"360957407005","","12157",4802.19,1137,10.42,0.54,172,6810.7218
"360957408001","","12122",21330.01,885,12.66,0.87,58,1197.9904
"360957408001","","12076",21330.01,885,12.66,0.87,58,1197.9904
"360957408001","","12469",21330.01,885,12.66,0.87,58,1197.9904
"360957408002","","12076",15666.35,1218,12.22,0.93,116,1495.2675
"360957408002","","12167",15666.35,1218,12.22,0.93,116,1495.2675
"360957408003","","12122",35239.15,1456,11.07,0.89,122,4435.0696
"360957408003","","12469",35239.15,1456,11.07,0.89,122,4435.0696
"360957408003","","12076",35239.15,1456,11.07,0.89,122,4435.0696
"360957408004","","12076",20573.2,1107,11.4,0.95,76,1519.8867
